INSERT INTO PRODUCT (ID, ITEMID, DESCRIPTION, PRICE, QTY) VALUES (1001, 101, 'Banana',     100, 1000)
INSERT INTO PRODUCT (ID, ITEMID, DESCRIPTION, PRICE, QTY) VALUES (1002, 102, 'Peach',       85, 1000)
INSERT INTO PRODUCT (ID, ITEMID, DESCRIPTION, PRICE, QTY) VALUES (1003, 103, 'Apple',       50, 2000)
INSERT INTO PRODUCT (ID, ITEMID, DESCRIPTION, PRICE, QTY) VALUES (1004, 104, 'Orange',      40, 5000)
INSERT INTO PRODUCT (ID, ITEMID, DESCRIPTION, PRICE, QTY) VALUES (1005, 105, 'Mango',       80,   50)
INSERT INTO PRODUCT (ID, ITEMID, DESCRIPTION, PRICE, QTY) VALUES (1006, 106, 'Strawberry', 200,  100)
INSERT INTO SALE (ID, DATE, TOTAL, STATUS) VALUES (2001, '01/26/2017', 1650, 'C')
INSERT INTO SALEPRODUCT (ID, SALE_ID, PRODUCT_ID, QTY) VALUES (901, 2001, 1002, 10)
INSERT INTO SALEPRODUCT (ID, SALE_ID, PRODUCT_ID, QTY) VALUES (902, 2001, 1004, 20)
INSERT INTO SALE (ID, DATE, TOTAL, STATUS) VALUES (2002, '02/11/2017', 22750, 'C')
INSERT INTO SALEPRODUCT (ID, SALE_ID, PRODUCT_ID, QTY) VALUES (903, 2002, 1001, 100)
INSERT INTO SALEPRODUCT (ID, SALE_ID, PRODUCT_ID, QTY) VALUES (904, 2002, 1002, 150)
INSERT INTO SALE (ID, DATE, TOTAL, STATUS) VALUES (2003, '02/12/2017', 4150, 'C')
INSERT INTO SALEPRODUCT (ID, SALE_ID, PRODUCT_ID, QTY) VALUES (905, 2003, 1002, 10)
INSERT INTO SALEPRODUCT (ID, SALE_ID, PRODUCT_ID, QTY) VALUES (906, 2003, 1003, 10)
INSERT INTO SALEPRODUCT (ID, SALE_ID, PRODUCT_ID, QTY) VALUES (907, 2003, 1004, 20)
INSERT INTO SALEPRODUCT (ID, SALE_ID, PRODUCT_ID, QTY) VALUES (908, 2003, 1006, 10)
INSERT INTO STORE (ID, ADDRESS, DISTRICT, TLM, FAX, EMAIL) VALUES (1, 'Rua bla bla', 'Lisboa', 919155678, 210034620, 'loja1@ads.pt')
INSERT INTO STORE (ID, ADDRESS, DISTRICT, TLM, FAX, EMAIL) VALUES (2, 'Rua bla bla 2', 'Porto', 919155676, 210034621, 'loja2@ads.pt')
INSERT INTO VACANCIES (ID, STORE_ID, SECTION_ID, FREE, OCCUPIED, ENTRY_DATE) VALUES (1, 1, 1, 5, 0, '02/12/2017')
INSERT INTO VACANCIES (ID, STORE_ID, SECTION_ID, FREE, OCCUPIED, ENTRY_DATE) VALUES (2, 2, 1, 10, 0, '02/12/2017')